{
    "requiredResourceAccess": 
    [
        {
			"resourceAppId": "00000003-0000-0000-c000-000000000000",
			"resourceAccess": [
				{
					"id": "7427e0e9-2fba-42fe-b0c0-848c9e6a8182",
					"type": "Scope"
				},
				{
					"id": "818c620a-27a9-40bd-a6a5-d96f7d610b4b",
					"type": "Scope"
				},
				{
					"id": "64ac0503-b4fa-45d9-b544-71a463f05da0",
					"type": "Scope"
				},
				{
					"id": "87f447af-9fa4-4c32-9dfa-4a57a73d18ce",
					"type": "Scope"
				},
				{
					"id": "e1fe6dd8-ba31-4d61-89e7-88639da4683d",
					"type": "Scope"
				},
				{
					"id": "204e0828-b5ca-4ad8-b9f3-f32a958e7cc4",
					"type": "Scope"
				},
				{
					"id": "4e46008b-f24c-477d-8fff-7bb4ec7aafe0",
					"type": "Scope"
				},
				{
					"id": "c5366453-9fb0-48a5-a156-24f0c49a4b84",
					"type": "Scope"
				},
				{
					"id": "0e263e50-5827-48a4-b97c-d940288653c7",
					"type": "Scope"
				},
				{
					"id": "1ec239c2-d7c9-4623-a91a-a9775856bb36",
					"type": "Scope"
				},
				{
					"id": "5c28f0bf-8a70-41f1-8ab2-9032436ddb65",
					"type": "Scope"
				},
				{
					"id": "205e70e5-aba6-4c52-a976-6d2d46c48043",
					"type": "Scope"
				},
				{
					"id": "37f7f235-527c-4136-accd-4a02d197296e",
					"type": "Scope"
				},
				{
					"id": "64a6cdd6-aab1-4aaf-94b8-3cc8405e90d0",
					"type": "Scope"
				},
				{
					"id": "14dad69e-099b-42c9-810b-d002981feec1",
					"type": "Scope"
				}
			]
		},
		{
			"resourceAppId": "00000002-0000-0000-c000-000000000000",
			"resourceAccess": [
				{
					"id": "75359482-378d-4052-8f01-80520e7db3cd",
					"type": "Role"
				},
				{
					"id": "741f803b-c850-494e-b5df-cde7c675a1ca",
					"type": "Role"
				},
				{
					"id": "6931bccd-447a-43d1-b442-00a195474933",
					"type": "Role"
				},
				{
					"id": "40f97065-369a-49f4-947c-6a255697ae91",
					"type": "Role"
				},
				{
					"id": "62a82d76-70ea-41e2-9197-370581804d09",
					"type": "Role"
				},
				{
					"id": "7ab1d382-f21e-4acd-a863-ba3e13f7da61",
					"type": "Role"
				},
				{
					"id": "ef54d2bf-783f-4e0f-bca1-3210c0444d99",
					"type": "Role"
				},
				{
					"id": "0c458cef-11f3-48c2-a568-c66751c238c0",
					"type": "Role"
				}
			]
	    }
    ]   
}