{
    "requiredResourceAccess": 
	[
		{
			"resourceAppId": "00000003-0000-0000-c000-000000000000",
			"resourceAccess": 
			[
				{
					"id": "7427e0e9-2fba-42fe-b0c0-848c9e6a8182",
					"type": "Scope"
				},
				{
					"id": "64ac0503-b4fa-45d9-b544-71a463f05da0",
					"type": "Scope"
				},
				{
					"id": "e1fe6dd8-ba31-4d61-89e7-88639da4683d",
					"type": "Scope"
				},
				{
					"id": "4e46008b-f24c-477d-8fff-7bb4ec7aafe0",
					"type": "Scope"
				},
				{
					"id": "1ec239c2-d7c9-4623-a91a-a9775856bb36",
					"type": "Scope"
				},
				{
				    "id": "2f9ee017-59c1-4f1d-9472-bd5529a7b311",
				    "type": "Scope"
				},
				{
					"id": "863451e7-0667-486c-a5d6-d135439485f0",
					"type": "Scope"
				},
				{
					"id": "37f7f235-527c-4136-accd-4a02d197296e",
					"type": "Scope"
				},
				{
					"id": "64a6cdd6-aab1-4aaf-94b8-3cc8405e90d0",
					"type": "Scope"
				},
				{
					"id": "14dad69e-099b-42c9-810b-d002981feec1",
					"type": "Scope"
				},
				{
					"id": "332a536c-c7ef-4017-ab91-336970924f0d",
					"type": "Role"
				},
				{
					"id": "75359482-378d-4052-8f01-80520e7db3cd",
					"type": "Role"
				},
				{
					"id": "df021288-bdef-4463-88db-98f22de89214",
					"type": "Role"
				},
				{
					"id": "40f97065-369a-49f4-947c-6a255697ae91",
					"type": "Role"
				},
				{
					"id": "62a82d76-70ea-41e2-9197-370581804d09",
					"type": "Role"
				},
				{
					"id": "7ab1d382-f21e-4acd-a863-ba3e13f7da61",
					"type": "Role"
				},
				{
					"id": "19dbc75e-c2e2-444c-a770-ec69d8559fc7",
					"type": "Role"
				},
				{
					"id": "ef54d2bf-783f-4e0f-bca1-3210c0444d99",
					"type": "Role"
				},
				{
					"id": "06b708a9-e830-4db3-a914-8e69da51d44f",
					"type": "Role"
				},
				{
					"id": "0c458cef-11f3-48c2-a568-c66751c238c0",
					"type": "Role"
				},
				{
					"id": "d1808e82-ce13-47af-ae0d-f9b254e6d58a",
					"type": "Role"
				},
				{
					"id": "658aa5d8-239f-45c4-aa12-864f4fc7e490",
					"type": "Role"
				},
				{
					"id": "e12dae10-5a57-4817-b79d-dfbec5348930",
					"type": "Role"
				},
				{
					"id": "59a6b24b-4225-4393-8165-ebaec5f55d7a",
					"type": "Role"
				},
				{
					"id": "23fc2474-f741-46ce-8465-674744c5c361",
					"type": "Role"
				},
				{
					"id": "0121dc95-1b9f-4aed-8bac-58c5ac466691",
					"type": "Role"
				},
				{
					"id": "5dad17ba-f6cc-4954-a5a2-a0dcc95154f0",
					"type": "Role"
				},
				{
					"id": "242607bd-1d2c-432c-82eb-bdb27baa23ab",
					"type": "Role"
				},
				{
					"id": "49981c42-fd7b-4530-be03-e77b21aed25e",
					"type": "Role"
				},
				{
					"id": "bdd80a03-d9bc-451d-b7c4-ce7c63fe3c8f",
					"type": "Role"
				}
			]
		}
	]
}